source_file,file_path,poster_path,media_type,project_slug,title,content_types,contribution_chips,description,year,organization,external_url,publish
1. Aware - Business Owner,public/media/1-aware-business-owner.mp4,public/media/1-aware-business-owner-poster.webp,video,saas-promo,Trend Recreation,reel,idea|shoot|edit,Viral Kumar reel as aware content proposal for instagram business owners,2026,Academics,,yes
1. Aware - Students,public/media/1-aware-students.mp4,public/media/1-aware-students-poster.webp,video,saas-promo,Scrollstopper,reel,idea|shoot|edit,Unique hook for aware content proposal to students,2026,Academics,,yes
1.3 Aware Static - All.png,public/media/1-3-aware-static-all.webp,,image,saas-promo,Mock Recommendation,static,idea|design,A spin on the google search result trending static,2026,Academics,,yes
2.a Engage,public/media/2-a-engage.mp4,public/media/2-a-engage-poster.webp,video,bakery-promo,Story Poll,story,idea|edit,Instagram Story Poll ad format for home bakery,2026,Love Doughs,,yes
2.b Engage,public/media/2-b-engage.webp,,image,bakery-promo,Giveaway Post,static,idea|design,WC giveaway campaign proposal,2026,Love Doughs,,yes
3. Subcribe.mp4,public/media/3-subcribe.mp4,public/media/3-subcribe-poster.webp,video,bakery-promo,GDN Banner,banner,idea|edit,Google Ads banner placement proposal,2026,Love Doughs,,yes
3. Subscribe - Students,public/media/3-subscribe-students.mp4,public/media/3-subscribe-students-poster.webp,video,saas-promo,Secret to Success,reel,idea|shoot|edit,UGC idea for sales campaign proposal,2026,Academics,,yes
4. Purchase - All,public/media/4-purchase-all.webp,,image,saas-promo,Year Recap,static,idea|design,Thumbnail for Year Recap reaction video,2026,Academics,,yes
4. Purchase - Business Owner,public/media/4-purchase-business-owner.webp,,image,saas-promo,Festival Discount,static,idea|design,Occasion-based discount announcement mockup,2026,Academics,,yes
4. Purchase - S+F,public/media/4-purchase-s-f.mp4,public/media/4-purchase-s-f-poster.webp,video,saas-promo,Cinematic UGC,reel,idea|edit,Hyperstylized storytelling reel for sales campaign,2026,Academics,,yes
4.b Purchase,public/media/4-b-purchase.mp4,public/media/4-b-purchase-poster.webp,video,bakery-promo,Valentine's Promo,reel,idea|shoot|edit,Occasion-based discount announcement reel proposal,2026,Love Doughs,,yes
4.c Purchase,public/media/4-c-purchase.mp4,public/media/4-c-purchase-poster.webp,video,bakery-promo,GiF Engagement,reel,idea|edit,Facebook post challenge to reveal discount code,2026,Love Doughs,,yes
4.d Purchase (1).png,public/media/4-d-purchase-1.webp,,image,bakery-promo,Giveaway Campaign,static,idea|design,Friendship day campaign announcement mockup,2026,Love Doughs,,yes
6. Expand - Mkt Agency,public/media/6-expand-mkt-agency.mp4,public/media/6-expand-mkt-agency-poster.webp,video,saas-promo,Testimonial CTA,reel,idea|shoot|edit,Success story showcase to attract niche bases,2026,Academics,,yes
6.a Expand,public/media/6-a-expand.mp4,public/media/6-a-expand-poster.webp,video,bakery-promo,Blind Test,reel,idea|shoot|edit,New flavor guessing game concept,2026,Love Doughs,,yes
6.c Expand,public/media/6-c-expand.mp4,public/media/6-c-expand-poster.webp,video,bakery-promo,Carousel Slider,static,idea|design,Instagram carousel feature usage for flavor reveal,2026,Love Doughs,,yes
AQOHFRn389BHvQxynwDYaKR2q-gJqagkSumkoyjtySC57kwP44lcRxYg8qUOWeYuIXKPrU2JqyeDYMUgElTiqnFhW2zEIGWyew11nYEFMjtwLw.mp4,public/media/asset-18.mp4,public/media/asset-18-poster.webp,video,competition,Pathao 10Y Celebration,reel,idea,OVC to celebrate 10 years of Pathao for admaking competition,2025,Competition,,yes
BIDA Post 1.png,public/media/bida-post-1.webp,,image,bida-content,Thread Post,static,idea|design,Post on the 'a thread' trend to tackle lowered investment misconception,2026,BIDA,,yes
BIDA Post 2.png,public/media/bida-post-2.webp,,image,bida-content,News Post,static,design,Photocard of quote to drive traffic to webinar,2025,BIDA,,yes
BIDA Print.jpg,public/media/bida-print.webp,,image,bida-content,Newspaper Campaign,static,design,Launch campaign of matchmaking portal on national dailies,2025,BIDA,,yes
Grand Final ADM 5.mp4,public/media/grand-final-adm-5.mp4,public/media/grand-final-adm-5-poster.webp,video,competition,NCC Bank Hero OVC,reel,idea|shoot,OVC to position NCC Bank's offerings for the Gen-Z youth,2025,Competition,,yes
Invitation Turkiye.png,public/media/invitation-turkiye.webp,,image,bida-content,Email Invitation Flyer,banner,design,Invitation card for foreign seminar outreach,2025,BIDA,,yes
LD 1,public/media/ld-1.mp4,public/media/ld-1-poster.webp,video,bakery-promo,Product Intro,reel,idea|edit,Instagram stitch to piggyback off viral food buzz,2026,Love Doughs,,yes
LD 2,public/media/ld-2.webp,,image,bakery-promo,Product Anatomy,static,idea|design,4-slide Facebook carousel for close-up of product,2026,Love Doughs,,yes
Speech Reel for Turkiye.mp4,public/media/speech-reel-for-turkiye.mp4,public/media/speech-reel-for-turkiye-poster.webp,video,bida-content,Short-form Repurpose,reel,idea|edit,Long-form content cut to create reels for socials,2025,BIDA,,yes
Trade Cookies for Chips _ Love Doughs.webm,public/media/trade-cookies-for-chips-love-doughs.mp4,public/media/trade-cookies-for-chips-love-doughs-poster.webp,video,bakery-promo,Campaign Microsite,website,idea|design,Landing page walkthrough of a proposed campaign,2026,Love Doughs,,yes
WhatsApp Video 2026-06-24 at 11.46.52 AM.mp4,public/media/whatsapp-video-2026-06-24-at-11-46-52-am.mp4,public/media/whatsapp-video-2026-06-24-at-11-46-52-am-poster.webp,video,bida-content,Platform Launch,reel,idea|shoot|edit,Introduction of platform to show what problem it solves,2025,BIDA,,yes
নারায়ণগঞ্জে তরুণ-তরুণীদের হাতে কার্ডস্টকের রাজ্য _ The Business Standard.mp4,public/media/the-business-standard.mp4,public/media/the-business-standard-poster.webp,video,tbs-content,Product BTS Coverage,reel,idea|shoot,News coverage of young entrepreneurs,2023,The Business Standard,,yes
TBS Miniature.mp4,public/media/tbs-miniature.mp4,public/media/tbs-miniature-poster.webp,video,tbs-content,Product BTS Coverage 2,reel,idea|shoot,News coverage of unique business,2023,The Business Standard,,yes
marina tbs.png,public/media/marina-tbs.webp,,image,tbs-content,Infographic 1,static,idea|design,Content series for promo of a contest,2023,The Business Standard,,yes
kashef tbs.png,public/media/kashef-tbs.webp,,image,tbs-content,Infographic 1,static,idea|design,Content series for promo of a contest,2023,The Business Standard,,yes
LTE Case.mp4,public/media/lte-case.mp4,public/media/lte-case-poster.webp,video,lte-content,Commward-winning Campaign,static,idea,Case video for campaign with strategy involvement,2024,LTE Advertising,,yes
